id;nr;last_name;first_name;jhi_from
1;1001;Smith;John;2018-01-05
2;1002;Johnson;Emily;2019-02-10
3;1003;Brown;Michael;2020-03-15
4;1004;Davis;Jennifer;2017-04-20
5;1005;Jones;Robert;2021-05-25
6;1006;Wilson;Lisa;2016-06-30
7;1007;Anderson;David;2019-08-03
8;1008;Taylor;Sarah;2020-09-08
9;1009;Clark;Matthew;2018-10-13
10;1010;Harris;Jessica;2022-11-18
11;1011;Thomas;James;2017-12-23
12;1012;Miller;Laura;2019-01-28
13;1013;White;Kevin;2016-03-04
14;1014;Martinez;Michelle;2020-04-09
15;1015;Jackson;William;2021-05-14
16;1016;Lee;Amanda;2018-06-19
17;1017;Garcia;Daniel;2019-07-24
18;1018;Davis;Mary;2017-08-29
19;1019;Johnson;Christopher;2016-10-0
20;1020;Harris;Kimberly;2022-11-07
21;1021;Brown;Joseph;2020-12-12
22;1022;Smith;Melissa;2018-01-17
23;1023;Taylor;Brian;2017-02-21
24;1024;Wilson;Angela;2021-03-28
25;1025;Anderson;Paul;2019-05-02
26;1026;Clark;Rebecca;2016-06-06
27;1027;Thomas;John;2018-07-11
28;1028;Martinez;Karen;2020-08-16
29;1029;Jackson;Daniel;2017-09-20
30;1030;Lee;Jennifer;2021-10-25
